"Noord-Holland","1","26","88","26","99"
"Noord-Holland","551","34","108","34","122"
"Noord-Holland","651","42","127","42","144"
"Noord-Holland","751","55","152","55","172"
"Noord-Holland","851","72","186","86","200"
"Noord-Holland","951","93","219","121","235"
"Noord-Holland","1051","114","253","157","270"
"Noord-Holland","1151","135","286","192","304"
"Noord-Holland","1251","156","320","227","339"
"Noord-Holland","1351","178","353","263","374"
"Noord-Holland","1451","199","387","298","409"
"Noord-Holland","1551","220","420","333","443"
"Noord-Holland","1651","241","454","369","478"
"Noord-Holland","1751","262","488","404","513"
"Noord-Holland","1851","283","521","440","548"
"Noord-Holland","1951","305","555","475","582"
"Noord-Holland","2051","326","588","510","617"
"Noord-Holland","2151","347","622","546","652"
"Noord-Holland","2251","368","655","581","687"
"Noord-Holland","2351","389","689","616","721"
"Noord-Holland","2451","410","722","652","756"
"Noord-Holland","2551","432","756","687","791"
"Noord-Holland","2651","453","789","722","826"
"Noord-Holland","2751","474","823","758","860"
"Noord-Holland","2851","495","856","793","895"
"Noord-Holland","2951","516","890","828","930"
"Noord-Holland","3051","537","923","864","965"
"Noord-Holland","3151","559","957","899","999"
"Noord-Holland","3251","576","987","931","1030"
"Noord-Holland","3351","593","1016","962","1061"
"Noord-Holland","3451","610","1046","993","1092"
"Noord-Holland","3551","627","1075","1025","1123"
"Noord-Holland","3651","645","1105","1056","1153"
"Noord-Holland","3751","662","1134","1087","1184"
"Noord-Holland","3851","679","1164","1119","1215"
"Noord-Holland","3951","696","1193","1150","1245"
"Noord-Holland","4051","713","1223","1181","1276"
"Noord-Holland","4151","730","1252","1213","1307"
"Noord-Holland","4251","747","1282","1244","1338"
"Noord-Holland","4351","764","1311","1275","1368"
"Noord-Holland","4451","782","1340","1307","1399"
"Noord-Holland","4551","799","1370","1338","1430"
"Noord-Holland","4651","816","1399","1369","1460"
"Noord-Holland","4751","833","1429","1400","1491"
"Noord-Holland","4851","850","1458","1432","1522"
"Noord-Holland","4951","867","1488","1463","1553"
"Utrecht","1","26","89","26","100"
"Utrecht","551","34","109","34","123"
"Utrecht","651","43","128","43","145"
"Utrecht","751","56","153","56","173"
"Utrecht","851","73","187","88","202"
"Utrecht","951","95","222","124","237"
"Utrecht","1051","117","256","159","272"
"Utrecht","1151","139","290","195","308"
"Utrecht","1251","160","324","231","343"
"Utrecht","1351","182","358","267","378"
"Utrecht","1451","204","392","303","413"
"Utrecht","1551","225","426","339","449"
"Utrecht","1651","247","460","375","484"
"Utrecht","1751","269","494","411","519"
"Utrecht","1851","291","528","447","555"
"Utrecht","1951","312","562","483","590"
"Utrecht","2051","334","596","518","625"
"Utrecht","2151","356","630","554","661"
"Utrecht","2251","377","664","590","696"
"Utrecht","2351","399","698","626","731"
"Utrecht","2451","421","733","662","766"
"Utrecht","2551","443","767","698","802"
"Utrecht","2651","464","801","734","837"
"Utrecht","2751","486","835","770","872"
"Utrecht","2851","508","869","806","908"
"Utrecht","2951","529","903","842","943"
"Utrecht","3051","551","937","877","978"
"Utrecht","3151","573","971","913","1014"
"Utrecht","3251","591","1001","946","1045"
"Utrecht","3351","609","1032","977","1076"
"Utrecht","3451","626","1062","1009","1108"
"Utrecht","3551","644","1092","1041","1139"
"Utrecht","3651","662","1122","1073","1170"
"Utrecht","3751","679","1152","1105","1202"
"Utrecht","3851","697","1182","1137","1233"
"Utrecht","3951","715","1212","1169","1264"
"Utrecht","4051","732","1242","1200","1295"
"Utrecht","4151","750","1272","1232","1327"
"Utrecht","4251","768","1302","1264","1358"
"Utrecht","4351","785","1332","1296","1389"
"Utrecht","4451","803","1362","1328","1420"
"Utrecht","4551","821","1392","1360","1452"
"Utrecht","4651","838","1422","1392","1483"
"Utrecht","4751","856","1452","1423","1514"
"Utrecht","4851","874","1482","1455","1545"
"Utrecht","4951","891","1512","1487","1577"
"Noord-Brabant","1","27","89","27","100"
"Noord-Brabant","551","35","109","35","123"
"Noord-Brabant","651","43","129","43","146"
"Noord-Brabant","751","56","154","56","174"
"Noord-Brabant","851","74","188","88","202"
"Noord-Brabant","951","96","222","124","238"
"Noord-Brabant","1051","118","257","160","273"
"Noord-Brabant","1151","140","291","196","309"
"Noord-Brabant","1251","162","325","233","344"
"Noord-Brabant","1351","183","359","269","380"
"Noord-Brabant","1451","205","394","305","415"
"Noord-Brabant","1551","227","428","341","451"
"Noord-Brabant","1651","249","462","377","486"
"Noord-Brabant","1751","271","496","413","522"
"Noord-Brabant","1851","293","531","449","557"
"Noord-Brabant","1951","315","565","485","593"
"Noord-Brabant","2051","337","599","521","628"
"Noord-Brabant","2151","359","633","557","664"
"Noord-Brabant","2251","381","668","593","699"
"Noord-Brabant","2351","402","702","629","734"
"Noord-Brabant","2451","424","736","666","770"
"Noord-Brabant","2551","446","770","702","805"
"Noord-Brabant","2651","468","805","738","841"
"Noord-Brabant","2751","490","839","774","876"
"Noord-Brabant","2851","512","873","810","912"
"Noord-Brabant","2951","534","907","846","947"
"Noord-Brabant","3051","556","942","882","983"
"Noord-Brabant","3151","578","976","918","1018"
"Noord-Brabant","3251","596","1007","951","1050"
"Noord-Brabant","3351","614","1037","983","1082"
"Noord-Brabant","3451","632","1067","1015","1113"
"Noord-Brabant","3551","649","1097","1047","1145"
"Noord-Brabant","3651","667","1127","1079","1176"
"Noord-Brabant","3751","685","1158","1111","1207"
"Noord-Brabant","3851","703","1188","1143","1239"
"Noord-Brabant","3951","721","1218","1175","1270"
"Noord-Brabant","4051","739","1248","1207","1302"
"Noord-Brabant","4151","757","1278","1239","1333"
"Noord-Brabant","4251","774","1309","1271","1365"
"Noord-Brabant","4351","792","1339","1303","1396"
"Noord-Brabant","4451","810","1369","1335","1428"
"Noord-Brabant","4551","828","1399","1367","1459"
"Noord-Brabant","4651","846","1430","1399","1490"
"Noord-Brabant","4751","864","1460","1431","1522"
"Noord-Brabant","4851","882","1490","1463","1553"
"Noord-Brabant","4951","899","1520","1495","1585"]
"Flevoland","1","27","90","27","101"
"Flevoland","551","35","109","35","123"
"Flevoland","651","43","129","43","146"
"Flevoland","751","57","155","57","175"
"Flevoland","851","75","189","89","203"
"Flevoland","951","97","223","125","239"
"Flevoland","1051","119","258","162","275"
"Flevoland","1151","141","292","198","310"
"Flevoland","1251","164","327","234","346"
"Flevoland","1351","186","362","271","382"
"Flevoland","1451","208","396","307","418"
"Flevoland","1551","230","431","344","453"
"Flevoland","1651","252","465","380","489"
"Flevoland","1751","274","500","416","525"
"Flevoland","1851","297","534","453","561"
"Flevoland","1951","319","569","489","596"
"Flevoland","2051","341","603","525","632"
"Flevoland","2151","363","638","562","668"
"Flevoland","2251","385","672","598","704"
"Flevoland","2351","407","707","635","740"
"Flevoland","2451","430","741","671","775"
"Flevoland","2551","452","776","707","811"
"Flevoland","2651","474","810","744","847"
"Flevoland","2751","496","845","780","883"
"Flevoland","2851","518","880","816","918"
"Flevoland","2951","541","914","853","954"
"Flevoland","3051","563","949","889","990"
"Flevoland","3151","585","983","925","1026"
"Flevoland","3251","603","1014","958","1058"
"Flevoland","3351","622","1045","991","1090"
"Flevoland","3451","640","1075","1023","1121"
"Flevoland","3551","658","1106","1055","1153"
"Flevoland","3651","676","1136","1087","1185"
"Flevoland","3751","694","1167","1120","1216"
"Flevoland","3851","712","1197","1152","1248"
"Flevoland","3951","730","1228","1184","1280"
"Flevoland","4051","749","1258","1217","1312"
"Flevoland","4151","767","1289","1249","1343"
"Flevoland","4251","785","1319","1281","1375"
"Flevoland","4351","803","1350","1314","1407"
"Flevoland","4451","821","1380","1346","1439"
"Flevoland","4551","839","1411","1378","1470"
"Flevoland","4651","857","1441","1411","1502"
"Flevoland","4751","875","1472","1443","1534"
"Flevoland","4851","894","1502","1475","1565"
"Flevoland","4951","912","1533","1508","1597"]
"Zeeland","1","27","90","27","101"
"Zeeland","551","35","110","35","124"
"Zeeland","651","44","129","44","147"
"Zeeland","751","58","155","58","175"
"Zeeland","851","75","189","90","204"
"Zeeland","951","98","224","126","240"
"Zeeland","1051","120","259","163","276"
"Zeeland","1151","143","294","199","311"
"Zeeland","1251","165","328","236","347"
"Zeeland","1351","187","363","272","383"
"Zeeland","1451","210","398","309","419"
"Zeeland","1551","232","433","346","455"
"Zeeland","1651","254","467","382","491"
"Zeeland","1751","277","502","419","527"
"Zeeland","1851","299","537","455","563"
"Zeeland","1951","322","571","492","599"
"Zeeland","2051","344","606","528","635"
"Zeeland","2151","366","641","565","671"
"Zeeland","2251","389","676","602","707"
"Zeeland","2351","411","710","638","743"
"Zeeland","2451","433","745","675","779"
"Zeeland","2551","456","780","711","815"
"Zeeland","2651","478","815","748","851"
"Zeeland","2751","501","849","784","887"
"Zeeland","2851","523","884","821","923"
"Zeeland","2951","545","919","857","959"
"Zeeland","3051","568","954","894","995"
"Zeeland","3151","590","988","931","1031"
"Zeeland","3251","609","1019","964","1063"
"Zeeland","3351","627","1050","996","1095"
"Zeeland","3451","645","1081","1029","1127"
"Zeeland","3551","664","1111","1061","1159"
"Zeeland","3651","682","1142","1094","1191"
"Zeeland","3751","700","1173","1126","1223"
"Zeeland","3851","719","1204","1159","1255"
"Zeeland","3951","737","1234","1191","1287"
"Zeeland","4051","755","1265","1224","1319"
"Zeeland","4151","774","1296","1256","1350"
"Zeeland","4251","792","1326","1289","1382"
"Zeeland","4351","810","1357","1321","1414"
"Zeeland","4451","829","1388","1354","1446"
"Zeeland","4551","847","1418","1386","1478"
"Zeeland","4651","865","1449","1419","1510"
"Zeeland","4751","884","1480","1451","1542"
"Zeeland","4851","902","1511","1484","1574"
"Zeeland","4951","920","1541","1516","1606"
"Limburg","1","28","90","28","101"
"Limburg","551","36","110","36","124"
"Limburg","651","44","130","44","147"
"Limburg","751","58","155","58","175"
"Limburg","851","76","190","90","204"
"Limburg","951","98","225","127","240"
"Limburg","1051","121","260","164","276"
"Limburg","1151","143","295","200","312"
"Limburg","1251","166","329","237","349"
"Limburg","1351","189","364","274","385"
"Limburg","1451","211","399","310","421"
"Limburg","1551","234","434","347","457"
"Limburg","1651","256","469","384","493"
"Limburg","1751","279","504","421","529"
"Limburg","1851","301","539","457","565"
"Limburg","1951","324","574","494","601"
"Limburg","2051","346","609","531","638"
"Limburg","2151","369","644","568","674"
"Limburg","2251","391","678","604","710"
"Limburg","2351","414","713","641","746"
"Limburg","2451","436","748","678","782"
"Limburg","2551","459","783","714","818"
"Limburg","2651","482","818","751","854"
"Limburg","2751","504","853","788","891"
"Limburg","2851","527","888","825","927"
"Limburg","2951","549","923","861","963"
"Limburg","3051","572","958","898","999"
"Limburg","3151","594","993","935","1035"
"Limburg","3251","613","1024","968","1068"
"Limburg","3351","632","1055","1001","1100"
"Limburg","3451","650","1086","1033","1132"
"Limburg","3551","669","1116","1066","1164"
"Limburg","3651","687","1147","1099","1196"
"Limburg","3751","706","1178","1131","1228"
"Limburg","3851","724","1209","1164","1260"
"Limburg","3951","743","1240","1197","1292"
"Limburg","4051","761","1271","1229","1324"
"Limburg","4151","780","1302","1262","1356"
"Limburg","4251","798","1332","1295","1388"
"Limburg","4351","817","1363","1328","1421"
"Limburg","4451","835","1394","1360","1453"
"Limburg","4551","854","1425","1393","1485"
"Limburg","4651","872","1456","1426","1517"
"Limburg","4751","891","1487","1458","1549"
"Limburg","4851","909","1518","1491","1581"
"Limburg","4951","928","1548","1524","1613"
"Overijssel","1","28","90","28","101"
"Overijssel","551","36","110","36","124"
"Overijssel","651","44","130","44","147"
"Overijssel","751","58","155","58","175"
"Overijssel","851","76","190","90","204"
"Overijssel","951","99","225","127","240"
"Overijssel","1051","121","260","164","276"
"Overijssel","1151","144","295","200","313"
"Overijssel","1251","166","330","237","349"
"Overijssel","1351","189","365","274","385"
"Overijssel","1451","211","399","311","421"
"Overijssel","1551","234","434","347","457"
"Overijssel","1651","256","469","384","493"
"Overijssel","1751","279","504","421","530"
"Overijssel","1851","302","539","458","566"
"Overijssel","1951","324","574","494","602"
"Overijssel","2051","347","609","531","638"
"Overijssel","2151","369","644","568","674"
"Overijssel","2251","392","679","605","710"
"Overijssel","2351","414","714","641","746"
"Overijssel","2451","437","749","678","783"
"Overijssel","2551","460","784","715","819"
"Overijssel","2651","482","819","752","855"
"Overijssel","2751","505","853","788","891"
"Overijssel","2851","527","888","825","927"
"Overijssel","2951","550","923","862","963"
"Overijssel","3051","572","958","899","999"
"Overijssel","3151","595","993","935","1036"
"Overijssel","3251","614","1024","969","1068"
"Overijssel","3351","632","1055","1001","1100"
"Overijssel","3451","651","1086","1034","1132"
"Overijssel","3551","669","1117","1067","1164"
"Overijssel","3651","688","1148","1099","1197"
"Overijssel","3751","706","1179","1132","1229"
"Overijssel","3851","725","1210","1165","1261"
"Overijssel","3951","743","1241","1198","1293"
"Overijssel","4051","762","1271","1230","1325"
"Overijssel","4151","781","1302","1263","1357"
"Overijssel","4251","799","1333","1296","1389"
"Overijssel","4351","818","1364","1328","1421"
"Overijssel","4451","836","1395","1361","1454"
"Overijssel","4551","855","1426","1394","1486"
"Overijssel","4651","873","1457","1427","1518"
"Overijssel","4751","892","1488","1459","1550"
"Overijssel","4851","910","1519","1492","1582"
"Overijssel","4951","929","1549","1525","1614"]
"Gelderland","1","28","91","28","102"
"Gelderland","551","37","111","37","125"
"Gelderland","651","45","131","45","148"
"Gelderland","751","59","157","59","177"
"Gelderland","851","78","192","92","206"
"Gelderland","951","101","227","129","243"
"Gelderland","1051","124","263","167","279"
"Gelderland","1151","147","298","204","316"
"Gelderland","1251","170","334","241","353"
"Gelderland","1351","193","369","279","390"
"Gelderland","1451","217","405","316","426"
"Gelderland","1551","240","440","353","463"
"Gelderland","1651","263","476","391","500"
"Gelderland","1751","286","511","428","537"
"Gelderland","1851","309","547","465","573"
"Gelderland","1951","332","582","503","610"
"Gelderland","2051","356","618","540","647"
"Gelderland","2151","379","653","577","684"
"Gelderland","2251","402","689","615","720"
"Gelderland","2351","425","724","652","757"
"Gelderland","2451","448","760","689","794"
"Gelderland","2551","471","795","727","831"
"Gelderland","2651","495","831","764","867"
"Gelderland","2751","518","867","801","904"
"Gelderland","2851","541","902","839","941"
"Gelderland","2951","564","938","876","978"
"Gelderland","3051","587","973","914","1014"
"Gelderland","3151","610","1009","951","1051"
"Gelderland","3251","630","1040","985","1084"
"Gelderland","3351","649","1072","1018","1117"
"Gelderland","3451","668","1103","1051","1150"
"Gelderland","3551","687","1135","1085","1182"
"Gelderland","3651","706","1166","1118","1215"
"Gelderland","3751","725","1198","1151","1248"
"Gelderland","3851","745","1229","1184","1280"
"Gelderland","3951","764","1261","1218","1313"
"Gelderland","4051","783","1292","1251","1346"
"Gelderland","4151","802","1324","1284","1379"
"Gelderland","4251","821","1355","1318","1411"
"Gelderland","4351","840","1387","1351","1444"
"Gelderland","4451","859","1418","1384","1477"
"Gelderland","4551","878","1450","1418","1509"
"Gelderland","4651","897","1481","1451","1542"
"Gelderland","4751","917","1513","1484","1575"
"Gelderland","4851","936","1544","1518","1608"
"Gelderland","4951","955","1576","1551","1640"
"Groningen","1","28","91","28","102"
"Groningen","551","37","111","37","125"
"Groningen","651","45","131","45","148"
"Groningen","751","59","157","59","177"
"Groningen","851","78","192","92","206"
"Groningen","951","101","227","129","243"
"Groningen","1051","124","263","167","279"
"Groningen","1151","147","298","204","316"
"Groningen","1251","170","334","241","353"
"Groningen","1351","194","369","279","390"
"Groningen","1451","217","405","316","426"
"Groningen","1551","240","440","353","463"
"Groningen","1651","263","476","391","500"
"Groningen","1751","286","511","428","537"
"Groningen","1851","309","547","466","574"
"Groningen","1951","333","583","503","610"
"Groningen","2051","356","618","540","647"
"Groningen","2151","379","654","578","684"
"Groningen","2251","402","689","615","721"
"Groningen","2351","425","725","652","757"
"Groningen","2451","448","760","690","794"
"Groningen","2551","472","796","727","831"
"Groningen","2651","495","831","764","868"
"Groningen","2751","518","867","802","904"
"Groningen","2851","541","902","839","941"
"Groningen","2951","564","938","876","978"
"Groningen","3051","587","973","914","1015"
"Groningen","3151","611","1009","951","1051"
"Groningen","3251","630","1041","985","1085"
"Groningen","3351","649","1072","1018","1117"
"Groningen","3451","668","1104","1052","1150"
"Groningen","3551","688","1135","1085","1183"
"Groningen","3651","707","1167","1118","1215"
"Groningen","3751","726","1198","1152","1248"
"Groningen","3851","745","1230","1185","1281"
"Groningen","3951","764","1261","1218","1314"
"Groningen","4051","783","1293","1251","1346"
"Groningen","4151","802","1324","1285","1379"
"Groningen","4251","821","1356","1318","1412"
"Groningen","4351","841","1387","1351","1444"
"Groningen","4451","860","1419","1385","1477"
"Groningen","4551","879","1450","1418","1510"
"Groningen","4651","898","1482","1451","1543"
"Groningen","4751","917","1513","1485","1575"
"Groningen","4851","936","1545","1518","1608"
"Groningen","4951","955","1576","1551","1641"
"Drenthe","1","28","91","28","102"
"Drenthe","551","37","111","37","125"
"Drenthe","651","45","131","45","148"
"Drenthe","751","60","157","60","177"
"Drenthe","851","78","192","92","206"
"Drenthe","951","102","228","130","243"
"Drenthe","1051","125","264","167","280"
"Drenthe","1151","148","299","205","317"
"Drenthe","1251","172","335","242","354"
"Drenthe","1351","195","371","280","391"
"Drenthe","1451","218","406","318","428"
"Drenthe","1551","242","442","355","465"
"Drenthe","1651","265","478","393","502"
"Drenthe","1751","288","513","430","539"
"Drenthe","1851","312","549","468","576"
"Drenthe","1951","335","585","505","613"
"Drenthe","2051","358","621","543","649"
"Drenthe","2151","382","656","580","686"
"Drenthe","2251","405","692","618","723"
"Drenthe","2351","428","728","655","760"
"Drenthe","2451","452","763","693","797"
"Drenthe","2551","475","799","730","834"
"Drenthe","2651","498","835","768","871"
"Drenthe","2751","522","870","805","908"
"Drenthe","2851","545","906","843","945"
"Drenthe","2951","568","942","880","982"
"Drenthe","3051","592","977","918","1019"
"Drenthe","3151","615","1013","955","1056"
"Drenthe","3251","635","1045","989","1089"
"Drenthe","3351","654","1077","1023","1122"
"Drenthe","3451","673","1109","1056","1155"
"Drenthe","3551","692","1140","1090","1188"
"Drenthe","3651","712","1172","1123","1220"
"Drenthe","3751","731","1203","1157","1253"
"Drenthe","3851","750","1235","1190","1286"
"Drenthe","3951","770","1267","1224","1319"
"Drenthe","4051","789","1298","1257","1352"
"Drenthe","4151","808","1330","1291","1385"
"Drenthe","4251","827","1362","1324","1418"
"Drenthe","4351","847","1393","1358","1451"
"Drenthe","4451","866","1425","1391","1484"
"Drenthe","4551","885","1457","1425","1516"
"Drenthe","4651","905","1488","1458","1549"
"Drenthe","4751","924","1520","1492","1582"
"Drenthe","4851","943","1552","1525","1615"
"Drenthe","4951","963","1583","1559","1648"
"Friesland","1","29","91","29","102"
"Friesland","551","37","111","37","125"
"Friesland","651","45","131","45","148"
"Friesland","751","60","157","60","177"
"Friesland","851","78","192","92","206"
"Friesland","951","102","228","130","243"
"Friesland","1051","125","264","167","280"
"Friesland","1151","148","299","205","317"
"Friesland","1251","172","335","243","354"
"Friesland","1351","195","371","280","391"
"Friesland","1451","218","406","318","428"
"Friesland","1551","242","442","355","465"
"Friesland","1651","265","478","393","502"
"Friesland","1751","288","514","430","539"
"Friesland","1851","312","549","468","576"
"Friesland","1951","335","585","505","613"
"Friesland","2051","358","621","543","650"
"Friesland","2151","382","656","580","687"
"Friesland","2251","405","692","618","724"
"Friesland","2351","428","728","655","760"
"Friesland","2451","452","764","693","797"
"Friesland","2551","475","799","731","834"
"Friesland","2651","498","835","768","871"
"Friesland","2751","522","871","806","908"
"Friesland","2851","545","906","843","945"
"Friesland","2951","568","942","881","982"
"Friesland","3051","592","978","918","1019"
"Friesland","3151","615","1013","956","1056"
"Friesland","3251","635","1046","990","1089"
"Friesland","3351","654","1077","1023","1122"
"Friesland","3451","673","1109","1057","1155"
"Friesland","3551","693","1141","1090","1188"
"Friesland","3651","712","1172","1124","1221"
"Friesland","3751","731","1204","1157","1254"
"Friesland","3851","751","1235","1191","1287"
"Friesland","3951","770","1267","1224","1319"
"Friesland","4051","789","1299","1258","1352"
"Friesland","4151","809","1330","1291","1385"
"Friesland","4251","828","1362","1325","1418"
"Friesland","4351","847","1394","1358","1451"
"Friesland","4451","867","1425","1392","1484"
"Friesland","4551","886","1457","1425","1517"
"Friesland","4651","905","1489","1459","1550"
"Friesland","4751","924","1520","1492","1583"
"Friesland","4851","944","1552","1526","1616"
"Friesland","4951","963","1584","1559","1648"
"Zuid-Holland","1","30","92","30","103"
"Zuid-Holland","551","38","112","38","126"
"Zuid-Holland","651","47","133","47","150"
"Zuid-Holland","751","62","160","62","179"
"Zuid-Holland","851","81","195","95","209"
"Zuid-Holland","951","105","232","134","247"
"Zuid-Holland","1051","130","268","172","285"
"Zuid-Holland","1151","154","305","211","323"
"Zuid-Holland","1251","178","342","249","361"
"Zuid-Holland","1351","203","379","288","399"
"Zuid-Holland","1451","227","415","326","437"
"Zuid-Holland","1551","251","452","365","475"
"Zuid-Holland","1651","276","489","403","513"
"Zuid-Holland","1751","300","525","442","551"
"Zuid-Holland","1851","324","562","480","588"
"Zuid-Holland","1951","349","599","519","626"
"Zuid-Holland","2051","373","635","557","664"
"Zuid-Holland","2151","397","672","596","702"
"Zuid-Holland","2251","422","709","635","740"
"Zuid-Holland","2351","446","745","673","778"
"Zuid-Holland","2451","470","782","712","816"
"Zuid-Holland","2551","495","819","750","854"
"Zuid-Holland","2651","519","855","789","892"
"Zuid-Holland","2751","543","892","827","930"
"Zuid-Holland","2851","568","929","866","968"
"Zuid-Holland","2951","592","966","904","1006"
"Zuid-Holland","3051","616","1002","943","1043"
"Zuid-Holland","3151","641","1039","981","1081"
"Zuid-Holland","3251","661","1072","1016","1116"
"Zuid-Holland","3351","682","1105","1051","1150"
"Zuid-Holland","3451","702","1137","1085","1183"
"Zuid-Holland","3551","722","1170","1119","1217"
"Zuid-Holland","3651","742","1203","1154","1251"
"Zuid-Holland","3751","763","1235","1188","1285"
"Zuid-Holland","3851","783","1268","1223","1319"
"Zuid-Holland","3951","803","1300","1257","1353"
"Zuid-Holland","4051","824","1333","1292","1387"
"Zuid-Holland","4151","844","1366","1326","1421"
"Zuid-Holland","4251","864","1398","1361","1454"
"Zuid-Holland","4351","884","1431","1395","1488"
"Zuid-Holland","4451","905","1464","1430","1522"
"Zuid-Holland","4551","925","1496","1464","1556"
"Zuid-Holland","4651","945","1529","1499","1590"
"Zuid-Holland","4751","966","1562","1533","1624"
"Zuid-Holland","4851","986","1594","1568","1658"
"Zuid-Holland","4951","1006","1627","1602","1692"
